Threshold,Accuracy
0.4,0.8055
0.5,0.8055
0.6,0.7984
0.7,0.7519333333333333
0.8,0.6542333333333333
